{"0": [[[7, 3], 0.0], [[7, 3], 0.0], [[7, 3], 0.0], [[7, 3], 0.0], [[7, 3], 0.0], [[7, 3], 0.0], [[7, 3], 0.0], [[7, 3], 0.08528089602546361], [[7, 3], 0.19750175953648402], [[7, 3], 0.3097226230475044], [[7, 3], 0.4219434865585248], [[7, 3], 0.5341643500695451], [[7, 3], 0.6463852135805656], [[7, 3], 0.7586060770915859], [[7, 3], 0.8708269406026062], [[7, 3], 0.9830478041136266], [[7, 3], 1.0], [[7, 3], 1.0], [[7, 3], 1.0], [[7, 3], 1.0], [[7, 3], 1.0], [[7, 3], 1.0], [[7, 3], 1.0], [[7, 3], 1.0], [[3, 8], 0.1122208635110204], [[3, 8], 0.2406904688189949], [[3, 8], 0.36916007412696944], [[3, 8], 0.49762967943494396], [[3, 8], 0.6260992847429185], [[3, 8], 0.7545688900508929], [[3, 8], 0.8830384953588674], [[8, 6], 0.0], [[8, 6], 0.1356398550421444], [[8, 6], 0.2712797100842888], [[8, 6], 0.4069195651264332], [[8, 6], 0.5425594201685776], [[8, 6], 0.678199275210722], [[8, 6], 0.8138391302528665], [[8, 6], 0.9494789852950108], [[6, 9], 0.0], [[6, 9], 0.1356398550421444], [[6, 9], 0.2712797100842888], [[6, 9], 0.4069195651264332], [[6, 9], 0.5425594201685776], [[6, 9], 0.678199275210722], [[6, 9], 0.8138391302528665], [[6, 9], 0.9494789852950108]], "1": [[[2, 4], 0.0], [[2, 4], 0.0], [[2, 4], 0.0], [[2, 4], 0.0], [[2, 4], 0.0], [[2, 4], 0.0], [[2, 4], 0.0], [[2, 4], 0.0], [[2, 4], 0.0], [[2, 4], 0.0], [[2, 4], 0.0], [[2, 4], 0.0], [[2, 4], 0.0], [[2, 4], 0.0], [[2, 4], 0.0], [[2, 4], 0.0], [[2, 4], 0.0], [[2, 4], 0.0], [[2, 4], 0.0], [[2, 4], 0.0], [[2, 4], 0.0], [[2, 4], 0.0], [[2, 4], 0.0], [[2, 4], 0.0], [[2, 4], 0.0], [[2, 4], 0.0], [[2, 4], 0.0], [[2, 4], 0.0], [[2, 4], 0.0], [[2, 4], 0.0], [[2, 4], 0.0], [[2, 4], 0.0], [[2, 4], 0.0], [[2, 4], 0.0], [[2, 4], 0.0], [[2, 4], 0.0], [[2, 4], 0.0], [[2, 4], 0.0], [[2, 4], 0.0], [[2, 4], 0.0], [[2, 4], 0.0], [[2, 4], 0.0], [[2, 4], 0.0], [[2, 4], 0.0], [[2, 4], 0.0], [[2, 4], 0.0], [[2, 4], 0.0], [[2, 4], 0.0], [[2, 4], 0.0], [[2, 4], 0.0], [[2, 4], 0.0], [[2, 4], 0.0], [[2, 4], 0.08187408858135918], [[2, 4], 0.20110186623453224], [[2, 4], 0.3203296438877053], [[2, 4], 0.43955742154087835], [[2, 4], 0.5587851991940515], [[2, 4], 0.6780129768472246], [[2, 4], 0.7972407545003977], [[2, 4], 0.9164685321535707], [[4, 9], 0.0], [[4, 9], 0.1356398550421444], [[4, 9], 0.2712797100842888], [[4, 9], 0.4069195651264332], [[4, 9], 0.5425594201685776], [[4, 9], 0.678199275210722], [[4, 9], 0.8138391302528665], [[4, 9], 0.9494789852950108], [[4, 9], 1.0], [[4, 9], 1.0], [[4, 9], 1.0], [[4, 9], 1.0], [[4, 9], 1.0], [[4, 9], 1.0], [[4, 9], 1.0], [[4, 9], 1.0], [[4, 9], 1.0], [[4, 9], 1.0], [[4, 9], 1.0], [[4, 9], 1.0], [[4, 9], 1.0], [[4, 9], 1.0], [[4, 9], 1.0], [[4, 9], 1.0], [[4, 9], 1.0], [[4, 9], 1.0], [[4, 9], 1.0], [[4, 9], 1.0], [[9, 6], 0.1356398550421444], [[9, 6], 0.2641094603501189], [[9, 6], 0.3925790656580934], [[9, 6], 0.521048670966068], [[9, 6], 0.6495182762740425], [[9, 6], 0.7779878815820169], [[9, 6], 0.9064574868899914], [[6, 8], 0.0], [[6, 8], 0.12846960530797452], [[6, 8], 0.25693921061594904], [[6, 8], 0.3854088159239235], [[6, 8], 0.5138784212318981], [[6, 8], 0.6423480265398726], [[6, 8], 0.770817631847847], [[6, 8], 0.8992872371558215]], "2": [[[7, 3], 0.0], [[7, 3], 0.0], [[7, 3], 0.0], [[7, 3], 0.0], [[7, 3], 0.0], [[7, 3], 0.0], [[7, 3], 0.0], [[7, 3], 0.08528089602546361], [[7, 3], 0.17861384439376876], [[7, 3], 0.27194679276207395], [[7, 3], 0.36527974113037914], [[7, 3], 0.45861268949868433], [[7, 3], 0.5519456378669895], [[7, 3], 0.6452785862352947], [[7, 3], 0.7386115346035999], [[7, 3], 0.831944482971905], [[7, 3], 0.9252774313402102], [[7, 3], 1.0], [[7, 3], 1.0], [[7, 3], 1.0], [[7, 3], 1.0], [[7, 3], 1.0], [[7, 3], 1.0], [[7, 3], 1.0], [[7, 3], 1.0], [[7, 3], 1.0], [[7, 3], 1.0], [[7, 3], 1.0], [[7, 3], 1.0], [[7, 3], 1.0], [[7, 3], 1.0], [[7, 3], 1.0], [[7, 3], 1.0], [[7, 3], 1.0], [[7, 3], 1.0], [[7, 3], 1.0], [[7, 3], 1.0], [[7, 3], 1.0], [[7, 3], 1.0], [[7, 3], 1.0], [[7, 3], 1.0], [[7, 3], 1.0], [[7, 3], 1.0], [[7, 3], 1.0], [[7, 3], 1.0], [[7, 3], 1.0], [[7, 3], 1.0], [[7, 3], 1.0], [[7, 3], 1.0], [[7, 3], 1.0], [[7, 3], 1.0], [[7, 3], 1.0], [[7, 3], 1.0], [[7, 3], 1.0], [[7, 3], 1.0], [[7, 3], 1.0], [[7, 3], 1.0], [[7, 3], 1.0], [[7, 3], 1.0], [[7, 3], 1.0], [[7, 3], 1.0], [[7, 3], 1.0], [[7, 3], 1.0], [[7, 3], 1.0], [[7, 3], 1.0], [[7, 3], 1.0], [[7, 3], 1.0], [[7, 3], 1.0], [[7, 3], 1.0], [[7, 3], 1.0], [[7, 3], 1.0], [[7, 3], 1.0], [[7, 3], 1.0], [[7, 3], 1.0], [[7, 3], 1.0], [[7, 3], 1.0], [[7, 3], 1.0], [[7, 3], 1.0], [[7, 3], 1.0], [[7, 3], 1.0], [[7, 3], 1.0], [[7, 3], 1.0], [[7, 3], 1.0], [[7, 3], 1.0], [[7, 3], 1.0], [[7, 3], 1.0], [[7, 3], 1.0], [[7, 3], 1.0], [[7, 3], 1.0], [[7, 3], 1.0], [[7, 3], 1.0], [[7, 3], 1.0], [[7, 3], 1.0], [[7, 3], 1.0], [[7, 3], 1.0], [[7, 3], 1.0], [[7, 3], 1.0], [[7, 3], 1.0], [[7, 3], 1.0], [[7, 3], 1.0], [[7, 3], 1.0], [[7, 3], 1.0], [[7, 3], 1.0], [[7, 3], 1.0], [[7, 3], 1.0], [[7, 3], 1.0], [[7, 3], 1.0], [[7, 3], 1.0], [[7, 3], 1.0], [[7, 3], 1.0], [[7, 3], 1.0], [[7, 3], 1.0], [[7, 3], 1.0], [[7, 3], 1.0], [[7, 3], 1.0], [[7, 3], 1.0], [[7, 3], 1.0], [[7, 3], 1.0], [[7, 3], 1.0], [[7, 3], 1.0], [[7, 3], 1.0], [[7, 3], 1.0], [[7, 3], 1.0], [[3, 0], 0.09333294836830518], [[3, 0], 0.18666589673661035], [[3, 0], 0.2799988451049156], [[3, 0], 0.3733317934732207], [[3, 0], 0.4666647418415259], [[3, 0], 0.5599976902098311], [[3, 0], 0.6533306385781362], [[3, 0], 0.7466635869464414], [[3, 0], 0.8399965353147466], [[3, 0], 0.9333294836830518]], "3": [[[6, 8], 0.0], [[6, 8], 0.0], [[6, 8], 0.0], [[6, 8], 0.0], [[6, 8], 0.0], [[6, 8], 0.0], [[6, 8], 0.0], [[6, 8], 0.0], [[6, 8], 0.0], [[6, 8], 0.0], [[6, 8], 0.0], [[6, 8], 0.0], [[6, 8], 0.0], [[6, 8], 0.0], [[6, 8], 0.0], [[6, 8], 0.0], [[6, 8], 0.0], [[6, 8], 0.0], [[6, 8], 0.0], [[6, 8], 0.12846960530797452], [[6, 8], 0.25693921061594904], [[6, 8], 0.3854088159239235], [[6, 8], 0.5138784212318981], [[6, 8], 0.6423480265398726], [[6, 8], 0.770817631847847], [[6, 8], 0.8992872371558215]], "4": [[[8, 3], 0.0], [[8, 3], 0.0], [[8, 3], 0.0], [[8, 3], 0.0], [[8, 3], 0.0], [[8, 3], 0.0], [[8, 3], 0.0], [[8, 3], 0.0], [[8, 3], 0.0], [[8, 3], 0.0], [[8, 3], 0.0], [[8, 3], 0.1122208635110204], [[8, 3], 0.20555381187932556], [[8, 3], 0.2988867602476308], [[8, 3], 0.3922197086159359], [[8, 3], 0.4855526569842411], [[8, 3], 0.5788856053525463], [[8, 3], 0.6722185537208515], [[8, 3], 0.7655515020891567], [[8, 3], 0.8588844504574618], [[8, 3], 0.952217398825767], [[3, 0], 0.0], [[3, 0], 0.09333294836830518], [[3, 0], 0.18666589673661035], [[3, 0], 0.2799988451049156], [[3, 0], 0.3733317934732207], [[3, 0], 0.4666647418415259], [[3, 0], 0.5599976902098311], [[3, 0], 0.6533306385781362], [[3, 0], 0.7466635869464414], [[3, 0], 0.8399965353147466], [[3, 0], 0.9333294836830518]], "5": [[[5, 6], 0.0], [[5, 6], 0.0], [[5, 6], 0.13189052807839174], [[5, 6], 0.2637810561567835], [[5, 6], 0.3956715842351752], [[5, 6], 0.527562112313567], [[5, 6], 0.6594526403919586], [[5, 6], 0.7913431684703504], [[5, 6], 0.9232336965487421]],